<?xml version="1.0" encoding="UTF-8"?>

<!DOCTYPE planner SYSTEM "planner.dtd">

<planner>
    <year value="2024">
        <date month="01" day="01">
            <note>New Year</note>
        </date>
        <date month="02" day="14">
            <note>Valentine's Day</note>
        </date>
    </year>
    <year value="2023">
        <date month="01" day="14">
            <note>Uttrayan</note>
        </date>
        <date month="12" day="25">
            <note>Christmas</note>
        </date>
    </year>
</planner>
