<?xml version="1.0" encoding="UTF-8"?>
<phonebook xmlns:xs="http://www.w3.org/2001/XMLSchema-instance"
    xs:noNamespaceSchemaLocation="phonebook.xsd">
    <department>
        <deptname>HR</deptname>
        <deptphone>9823918372</deptphone>
        <deptemail>hr@gmail.com</deptemail>
        <employee>
            <empid>001</empid>
            <empname>Keyuri Patel</empname>
            <empphone>8723918372</empphone>
            <empemail>keyuri@gmail.com</empemail>
        </employee>
        <employee>
            <empid>002</empid> 
            <empname>Jainil Patel</empname>
            <empphone>9182736253</empphone>
            <empemail>jainil@gmail.com</empemail>
        </employee>
    </department>
</phonebook>
