<?xml version='1.0' encoding='UTF-8'?>
<!DOCTYPE studentlist SYSTEM "studentlist.dtd">
<studentlist>
    <student enrollmentno="std001">
        <enrollmentno>001</enrollmentno>
        <name>
            <firstname>Keyuri</firstname>
            <middlename>Vijaybhai</middlename>
            <lastname>Patel</lastname>
        </name>
        <study_program name="BSc">BSc</study_program>
        <enrollment_year>2017</enrollment_year>
    </student>
    <student enrollmentno="std002">
        <enrollmentno>002</enrollmentno>
        <name>
            <firstname>Yahsvi</firstname>
            <lastname>Joshi</lastname>
        </name>
        <study_program name="MSc">MSc</study_program>
        <enrollment_year>2020</enrollment_year>
    </student>
</studentlist>
