<?xml version="1.0" encoding="UTF-8"?>
<studentlist xmlns:xsi="http://www.w3.org/2001/XMLSchema-instance"
    xsi:noNamespaceSchemaLocation="studentlist.xsd">
  
    <student>
        <enrollmentno>001</enrollmentno>
        <name>
            <firstname>Keyuri</firstname>
            <lastname>Patel</lastname>
        </name>
        <study_program>BSc</study_program>
        <enrollment_year>2023</enrollment_year>
    </student>
    <student>
        <enrollmentno>002</enrollmentno>
        <name>
            <firstname>Yashvi</firstname>
            <middlename>Shaileshkumar</middlename>
            <lastname>Joshi</lastname>
        </name>
        <study_program>MBA</study_program>
        <enrollment_year>2017</enrollment_year>
    </student>
    <student>
        <enrollmentno>003</enrollmentno>
        <name>
            <firstname>Jainil</firstname>
            <lastname>Patel</lastname>
        </name>
        <study_program>MSc</study_program>
        <enrollment_year>2019</enrollment_year>
    </student>
</studentlist>
